name,r2_score
Polygon,0.8287969506507495
Theta Network,0.8397405924033443
Chainlink,0.7795653102473047
Bitcoin,0.7942014397228747
